Jogador,Time,#,Nação,Pos.,Idade,Min.,Gols,Assis.,PB,PT,TC,CaG,CrtsA,CrtV,Contatos,Div,Crts,Bloqueios,xG,npxG,xAG,SCA,GCA,Cmp,Att,Cmp%,PrgP,Conduções,PrgC,Tent,Suc,Data
Anthony Gordon,Newcastle United,10,ENG,FW,23-217,90,1,0,1,1,0,0,0,0,29,1,0,2,0.8,0.0,0.1,3,1,17,21,"81,0",0,20,2,3,1,2024-09-28
Harvey Barnes,Newcastle United,11,ENG,LW,26-294,75,0,0,0,0,4,1,0,0,21,0,1,0,0.3,0.3,0.0,0,0,13,16,"81,3",3,18,1,0,0,2024-09-28
Joe Willock,Newcastle United,28,ENG,LW,25-039,15,0,0,0,0,0,0,0,0,4,0,0,0,0.0,0.0,0.0,0,0,1,1,"100,0",0,3,0,0,0,2024-09-28
Jacob Murphy,Newcastle United,23,ENG,RW,29-217,90,0,0,0,0,0,0,0,0,28,1,0,0,0.0,0.0,0.2,4,0,21,27,"77,8",3,21,4,2,2,2024-09-28
Joelinton,Newcastle United,7,BRA,LM,28-045,90,0,0,0,0,2,2,1,0,46,4,0,2,0.2,0.2,0.0,2,0,27,31,"87,1",1,23,0,0,0,2024-09-28
Bruno Guimarães,Newcastle United,39,BRA,CM,26-317,90,0,0,0,0,0,0,1,0,57,3,2,2,0.0,0.0,0.1,3,1,37,45,"82,2",6,42,1,4,4,2024-09-28
Sandro Tonali,Newcastle United,8,ITA,RM,24-143,76,0,0,0,0,0,0,1,0,28,0,2,1,0.0,0.0,0.1,1,0,13,19,"68,4",4,19,0,2,0,2024-09-28
Sean Longstaff,Newcastle United,36,ENG,RM,26-334,14,0,0,0,0,1,0,0,0,7,1,0,1,0.2,0.2,0.0,0,0,2,3,"66,7",0,2,0,0,0,2024-09-28
Lewis Hall,Newcastle United,20,ENG,LB,20-020,90,0,0,0,0,0,0,0,0,53,0,1,2,0.0,0.0,0.1,3,0,31,47,"66,0",3,27,2,1,1,2024-09-28
Dan Burn,Newcastle United,33,ENG,CB,32-142,90,0,0,0,0,1,0,0,0,32,0,1,0,0.0,0.0,0.1,1,0,19,22,"86,4",2,13,0,0,0,2024-09-28
Fabian Schär,Newcastle United,5,SUI,CB,32-283,90,0,0,0,0,1,0,1,0,58,1,1,1,0.1,0.1,0.0,0,0,35,51,"68,6",2,33,0,0,0,2024-09-28
Kieran Trippier,Newcastle United,2,ENG,RB,34-009,77,0,0,0,0,1,0,0,0,61,3,1,1,0.0,0.0,0.0,4,0,46,54,"85,2",6,33,4,0,0,2024-09-28
Valentino Livramento,Newcastle United,21,ENG,RB,21-321,13,0,0,0,0,0,0,0,0,10,1,1,0,0.0,0.0,0.0,0,0,5,5,"100,0",0,3,0,0,0,2024-09-28
Nick Pope,Newcastle United,22,ENG,GK,32-162,90,0,0,0,0,0,0,0,0,29,0,0,0,0.0,0.0,0.0,0,0,18,26,"69,2",0,14,0,0,0,2024-09-28
Erling Haaland,Manchester City,9,NOR,FW,24-069,90,0,0,0,0,5,2,0,0,31,0,0,0,0.4,0.4,0.1,4,0,10,15,"66,7",0,16,0,2,1,2024-09-28
Jack Grealish,Manchester City,10,ENG,LW,29-018,80,0,1,0,0,1,0,1,0,45,0,0,1,0.0,0.0,0.3,6,1,32,35,"91,4",4,37,7,6,3,2024-09-28
Jeremy Doku,Manchester City,11,BEL,LW,22-124,10,0,0,0,0,0,0,0,0,10,0,0,0,0.0,0.0,0.0,0,0,6,8,"75,0",1,8,2,1,1,2024-09-28
Bernardo Silva,Manchester City,20,POR,"RW,DM",30-049,90,0,0,0,0,2,1,0,0,57,3,1,0,0.1,0.1,0.1,2,0,38,44,"86,4",4,44,7,3,0,2024-09-28
İlkay Gündoğan,Manchester City,19,GER,AM,33-340,65,0,0,0,0,2,1,0,0,38,1,1,0,0.1,0.1,0.1,4,0,21,29,"72,4",4,24,2,3,2,2024-09-28
Phil Foden,Manchester City,47,ENG,AM,24-123,25,0,0,0,0,1,1,0,0,24,0,0,1,0.1,0.1,0.1,4,0,17,22,"77,3",3,18,0,2,2,2024-09-28
Mateo Kovačić,Manchester City,8,CRO,DM,30-145,90,0,0,0,0,2,0,1,0,94,4,0,2,0.1,0.1,0.1,2,0,76,82,"92,7",5,61,4,2,1,2024-09-28
Rico Lewis,Manchester City,82,ENG,DM,19-312,80,0,0,0,0,0,0,0,0,31,1,0,1,0.0,0.0,0.0,0,0,21,23,"91,3",1,18,0,0,0,2024-09-28
Sávio,Manchester City,26,BRA,RW,20-171,10,0,0,0,0,0,0,0,0,11,1,0,0,0.0,0.0,0.1,2,0,7,10,"70,0",1,8,4,1,1,2024-09-28
Joško Gvardiol,Manchester City,24,CRO,LB,22-249,90,1,0,0,0,1,1,0,0,68,2,2,0,0.1,0.1,0.0,2,1,49,57,"86,0",2,49,2,3,1,2024-09-28
Manuel Akanji,Manchester City,25,SUI,CB,29-071,90,0,0,0,0,2,0,0,0,78,1,1,0,0.1,0.1,0.0,4,0,63,71,"88,7",8,58,1,0,0,2024-09-28
Rúben Dias,Manchester City,3,POR,CB,27-137,90,0,0,0,0,0,0,1,0,93,1,1,1,0.0,0.0,0.0,1,0,77,86,"89,5",6,68,1,0,0,2024-09-28
Kyle Walker,Manchester City,2,ENG,RB,34-123,90,0,0,0,0,0,0,0,0,73,1,1,2,0.0,0.0,0.0,0,0,56,67,"83,6",1,44,1,1,1,2024-09-28
Ederson,Manchester City,31,BRA,GK,31-042,90,0,0,0,0,0,0,1,0,52,0,0,0,0.0,0.0,0.0,0,0,38,49,"77,6",0,40,0,0,0,2024-09-28
Nicolas Jackson,Chelsea,15,SEN,FW,23-100,78,0,1,0,0,5,1,0,0,25,0,0,3,1.4,1.4,0.2,2,1,7,14,"50,0",0,10,3,2,1,2024-09-28
Christopher Nkunku,Chelsea,18,FRA,FW,26-319,12,0,0,0,0,0,0,0,0,2,0,0,0,0.0,0.0,0.1,1,0,2,2,"100,0",1,1,0,0,0,2024-09-28
Jadon Sancho,Chelsea,19,ENG,LW,24-187,70,0,1,0,0,1,0,0,0,30,0,0,0,0.1,0.1,0.2,4,3,14,20,"70,0",2,23,3,9,7,2024-09-28
Mykhailo Mudryk,Chelsea,10,UKR,LW,23-267,20,0,0,0,0,0,0,0,0,1,0,0,0,0.0,0.0,0.0,1,0,1,1,"100,0",1,1,0,0,0,2024-09-28
Noni Madueke,Chelsea,11,ENG,RW,22-202,62,0,0,0,0,1,0,0,0,23,2,0,0,0.2,0.2,0.0,2,1,5,11,"45,5",1,11,2,4,1,2024-09-28
Pedro Neto,Chelsea,7,POR,RW,24-203,28,0,0,0,0,1,0,0,0,13,1,0,1,0.1,0.1,0.1,1,0,5,7,"71,4",0,6,2,1,0,2024-09-28
Cole Palmer,Chelsea,20,ENG,AM,22-145,90,4,0,1,1,6,4,0,0,42,1,0,1,2.4,1.6,1.4,5,0,19,30,"63,3",6,19,2,2,1,2024-09-28
Enzo Fernández,Chelsea,8,ARG,DM,23-255,78,0,0,0,0,0,0,1,0,43,3,0,0,0.0,0.0,0.6,2,1,25,33,"75,8",3,15,1,3,1,2024-09-28
Roméo Lavia,Chelsea,45,BEL,DM,20-266,12,0,0,0,0,0,0,0,0,11,0,0,0,0.0,0.0,0.0,0,0,9,10,"90,0",0,9,0,1,0,2024-09-28
Moisés Caicedo,Chelsea,25,ECU,DM,22-331,90,0,0,0,0,0,0,0,0,41,3,1,2,0.0,0.0,0.6,2,0,24,32,"75,0",2,14,0,2,2,2024-09-28
Marc Cucurella,Chelsea,3,ESP,LB,26-068,69,0,0,0,0,0,0,1,0,33,0,0,3,0.0,0.0,0.2,1,0,19,24,"79,2",1,13,0,0,0,2024-09-28
Renato Veiga,Chelsea,40,POR,LB,21-061,21,0,0,0,0,0,0,0,0,23,5,0,0,0.0,0.0,0.0,0,0,13,17,"76,5",0,7,0,0,0,2024-09-28
Levi Colwill,Chelsea,6,ENG,CB,21-215,90,0,0,0,0,0,0,0,0,59,1,2,2,0.0,0.0,0.0,1,0,39,50,"78,0",0,27,0,1,1,2024-09-28
Wesley Fofana,Chelsea,29,FRA,CB,23-286,90,0,0,0,0,0,0,1,0,66,2,3,0,0.0,0.0,0.0,1,0,47,56,"83,9",0,45,0,2,1,2024-09-28
Malo Gusto,Chelsea,27,FRA,RB,21-132,90,0,0,0,0,0,0,0,0,59,4,1,3,0.0,0.0,0.0,1,0,37,45,"82,2",3,17,1,0,0,2024-09-28
Robert Sánchez,Chelsea,1,ESP,GK,26-315,90,0,0,0,0,0,0,0,0,65,0,0,0,0.0,0.0,0.0,0,0,46,62,"74,2",0,42,0,0,0,2024-09-28
Danny Welbeck,Brighton & Hove Albion,18,ENG,FW,33-307,80,0,0,0,0,3,1,0,0,30,0,0,1,0.4,0.4,0.0,2,0,15,19,"78,9",2,16,0,1,0,2024-09-28
Evan Ferguson,Brighton & Hove Albion,28,IRL,FW,19-345,10,0,0,0,0,0,0,0,0,4,0,0,0,0.0,0.0,0.0,0,0,3,4,"75,0",1,2,0,0,0,2024-09-28
Kaoru Mitoma,Brighton & Hove Albion,22,JPN,LW,27-131,90,0,0,0,0,2,0,0,0,50,2,0,2,0.0,0.0,0.1,4,0,27,36,"75,0",3,36,9,6,3,2024-09-28
Georginio Rutter,Brighton & Hove Albion,14,FRA,RW,22-161,70,1,0,0,0,3,1,0,0,33,1,2,0,0.1,0.1,0.2,3,0,14,20,"70,0",2,20,2,1,0,2024-09-28
Yankuba Minteh,Brighton & Hove Albion,17,GAM,RW,20-068,20,0,0,0,0,1,0,0,0,12,0,0,0,0.1,0.1,0.0,0,0,5,7,"71,4",2,10,0,3,1,2024-09-28
Jack Hinshelwood,Brighton & Hove Albion,41,ENG,"LM,RB",19-170,90,0,0,0,0,0,0,0,0,49,0,0,1,0.0,0.0,0.0,3,0,30,39,"76,9",1,23,0,1,0,2024-09-28
Mats Wieffer,Brighton & Hove Albion,27,NED,CM,24-317,56,0,0,0,0,0,0,0,0,61,2,1,2,0.0,0.0,0.0,1,0,39,48,"81,3",5,38,1,2,1,2024-09-28
Yasin Ayari,Brighton & Hove Albion,26,SWE,RM,20-358,34,0,0,0,0,1,0,0,0,21,2,1,0,0.0,0.0,0.0,2,0,8,11,"72,7",1,11,0,2,0,2024-09-28
Carlos Baleba,Brighton & Hove Albion,20,CMR,"RM,CM",20-269,90,1,1,0,0,3,2,0,0,74,3,1,4,0.3,0.3,0.1,2,1,51,57,"89,5",9,41,0,4,2,2024-09-28
Pervis Estupiñán,Brighton & Hove Albion,30,ECU,LB,26-251,90,0,0,0,0,0,0,1,0,77,2,2,0,0.0,0.0,0.0,0,0,57,68,"83,8",5,45,3,2,1,2024-09-28
Lewis Dunk,Brighton & Hove Albion,5,ENG,CB,32-312,90,0,0,0,0,0,0,1,0,119,0,2,2,0.0,0.0,0.0,1,0,98,111,"88,3",5,83,0,0,0,2024-09-28
Adam Webster,Brighton & Hove Albion,4,ENG,CB,29-268,56,0,0,0,0,0,0,0,0,46,0,1,2,0.0,0.0,0.0,1,0,38,42,"90,5",5,34,0,0,0,2024-09-28
Igor,Brighton & Hove Albion,3,BRA,CB,26-234,34,0,0,0,0,0,0,0,0,38,1,0,0,0.0,0.0,0.0,0,0,36,37,"97,3",5,31,1,0,0,2024-09-28
Ferdi Kadioglu,Brighton & Hove Albion,24,TUR,RB,24-357,70,0,0,0,0,0,0,0,0,45,3,2,0,0.0,0.0,0.0,2,0,30,36,"83,3",6,18,0,2,2,2024-09-28
Julio Enciso,Brighton & Hove Albion,10,PAR,LM,20-249,20,0,0,0,0,2,1,0,0,14,0,0,0,0.1,0.1,0.0,3,0,9,10,"90,0",2,10,0,4,1,2024-09-28
Bart Verbruggen,Brighton & Hove Albion,1,NED,GK,22-041,90,0,0,0,0,0,0,0,0,51,0,0,0,0.0,0.0,0.0,0,0,41,48,"85,4",0,37,0,0,0,2024-09-28
Leandro Trossard,Arsenal,19,BEL,FW,29-299,89,1,0,0,0,4,2,0,0,54,1,1,1,1.1,1.1,0.1,6,0,34,43,"79,1",7,27,2,5,2,2024-09-28
Gabriel Jesus,Arsenal,9,BRA,FW,27-178,1,0,0,0,0,1,1,0,0,1,0,0,0,0.1,0.1,0.0,1,1,0,0,,0,1,1,0,0,2024-09-28
Kai Havertz,Arsenal,29,GER,FW,25-109,90,1,0,0,0,7,2,0,0,57,2,0,0,1.8,1.8,0.0,7,0,33,40,"82,5",5,30,0,3,1,2024-09-28
Gabriel Martinelli,Arsenal,11,BRA,LM,23-102,73,1,1,0,0,4,2,0,0,37,0,0,0,0.4,0.4,0.7,2,1,20,27,"74,1",2,27,9,3,1,2024-09-28
Raheem Sterling,Arsenal,30,ENG,LM,29-295,17,0,0,0,0,0,0,0,0,11,0,0,0,0.0,0.0,0.0,1,0,9,11,"81,8",1,9,3,2,1,2024-09-28
Declan Rice,Arsenal,41,ENG,CM,25-258,90,0,0,0,0,3,1,0,0,106,1,1,0,0.1,0.1,0.2,5,1,75,98,"76,5",16,67,7,0,0,2024-09-28
Thomas Partey,Arsenal,5,GHA,CM,31-107,84,0,0,0,0,0,0,0,0,104,4,0,1,0.0,0.0,0.0,3,0,87,96,"90,6",9,61,1,0,0,2024-09-28
Ethan Nwaneri,Arsenal,53,ENG,CM,17-191,6,0,0,0,0,1,1,0,0,8,0,0,0,0.0,0.0,0.1,1,0,6,6,"100,0",1,6,2,2,1,2024-09-28
Bukayo Saka,Arsenal,7,ENG,RM,23-023,90,0,0,0,0,7,2,0,0,88,2,1,1,0.3,0.3,0.6,16,1,57,66,"86,4",14,51,9,13,8,2024-09-28
Riccardo Calafiori,Arsenal,33,ITA,LB,22-132,90,0,0,0,0,3,3,1,0,90,3,0,1,0.5,0.5,0.1,3,0,69,80,"86,3",11,42,2,2,2,2024-09-28
Gabriel Magalhães,Arsenal,6,BRA,CB,26-284,90,0,0,0,0,3,2,0,0,94,0,0,0,0.3,0.3,0.0,2,0,81,88,"92,0",8,53,1,1,1,2024-09-28
William Saliba,Arsenal,2,FRA,CB,23-188,90,0,0,0,0,0,0,1,0,66,2,1,0,0.0,0.0,0.0,2,0,59,61,"96,7",7,41,0,0,0,2024-09-28
Jurriën Timber,Arsenal,12,NED,RB,23-103,90,0,1,0,0,2,0,0,0,96,4,0,2,0.2,0.2,0.4,9,1,71,82,"86,6",10,53,2,2,1,2024-09-28
David Raya,Arsenal,22,ESP,GK,29-013,90,0,0,0,0,0,0,0,0,25,0,0,0,0.0,0.0,0.0,0,0,19,25,"76,0",0,17,0,0,0,2024-09-28
Jamie Vardy,Leicester City,9,ENG,FW,37-261,90,0,0,0,0,0,0,1,0,18,1,0,0,0.0,0.0,0.1,2,1,10,12,"83,3",1,7,1,0,0,2024-09-28
Stephy Mavididi,Leicester City,10,ENG,LW,26-120,89,0,0,0,0,0,0,0,0,31,3,0,0,0.0,0.0,0.1,3,1,11,15,"73,3",4,24,0,4,1,2024-09-28
Bobby Reid,Leicester City,14,JAM,LW,31-239,1,0,0,0,0,0,0,0,0,2,0,0,0,0.0,0.0,0.0,0,0,2,2,"100,0",0,0,0,0,0,2024-09-28
Facundo Buonanotte,Leicester City,40,ARG,RW,19-280,84,0,1,0,0,2,1,1,0,33,2,1,2,0.2,0.2,0.0,2,1,8,16,"50,0",1,14,2,3,0,2024-09-28
Jordan Ayew,Leicester City,18,GHA,"RW,AM",33-017,6,0,0,0,0,0,0,0,0,3,0,0,0,0.0,0.0,0.0,0,0,0,1,"0,0",0,2,0,0,0,2024-09-28
Wilfred Ndidi,Leicester City,6,NGA,"AM,DM",27-287,89,0,1,0,0,0,0,1,0,53,8,0,4,0.0,0.0,0.1,1,1,24,28,"85,7",2,19,0,2,0,2024-09-28
Odsonne Édouard,Leicester City,29,FRA,DM,26-256,1,0,0,0,0,0,0,0,0,0,0,0,0,0.0,0.0,0.0,0,0,0,0,,0,0,0,0,0,2024-09-28
Harry Winks,Leicester City,8,ENG,"DM,CB",28-239,90,0,0,0,0,0,0,0,0,37,0,0,2,0.0,0.0,0.0,1,0,23,29,"79,3",3,17,1,2,0,2024-09-28
Oliver Skipp,Leicester City,22,ENG,DM,24-012,89,0,0,0,0,0,0,1,0,23,0,0,3,0.0,0.0,0.0,0,0,16,16,"100,0",0,13,0,1,0,2024-09-28
Bilal El Khannouss,Leicester City,11,MAR,"AM,DM",20-141,1,0,0,0,0,0,0,0,0,4,0,0,0,0.0,0.0,0.0,0,0,2,3,"66,7",0,1,0,0,0,2024-09-28
Victor Bernth Kristiansen,Leicester City,16,DEN,LB,21-287,90,0,0,0,0,0,0,0,0,52,7,2,3,0.0,0.0,0.0,0,0,27,32,"84,4",1,13,0,2,1,2024-09-28
Caleb Okoli,Leicester City,5,ITA,CB,23-077,89,0,0,0,0,0,0,0,0,43,1,1,2,0.0,0.0,0.0,0,0,17,26,"65,4",0,17,0,0,0,2024-09-28
Abdul Fatawu Issahaku,Leicester City,7,GHA,"RW,CB",20-204,1,0,0,0,0,0,0,0,0,0,0,0,0,0.0,0.0,0.0,0,0,0,0,,0,0,0,0,0,2024-09-28
Wout Faes,Leicester City,3,BEL,CB,26-178,90,0,0,0,0,0,0,0,0,36,1,0,1,0.0,0.0,0.0,0,0,17,22,"77,3",1,14,0,2,2,2024-09-28
James Justin,Leicester City,2,ENG,RB,26-218,90,2,0,0,0,3,2,0,0,34,1,2,1,0.1,0.1,0.0,0,0,12,16,"75,0",0,10,0,1,0,2024-09-28
Mads Hermansen,Leicester City,30,DEN,GK,24-079,90,0,0,0,0,0,0,0,0,50,0,0,0,0.0,0.0,0.0,0,0,23,39,"59,0",0,21,0,0,0,2024-09-28
Bryan Mbeumo,Brentford,19,CMR,FW,25-052,90,1,0,0,0,4,1,0,0,59,3,1,0,0.3,0.3,0.0,2,0,31,47,"66,0",5,39,6,3,1,2024-09-28
Fabio Carvalho,Brentford,14,POR,FW,22-029,84,0,1,0,0,1,0,0,0,48,4,1,2,0.0,0.0,0.1,2,1,22,32,"68,8",3,20,0,3,0,2024-09-28
Yunus Emre Konak,Brentford,26,TUR,FW,18-262,6,0,0,0,0,0,0,0,0,5,0,0,0,0.0,0.0,0.0,0,0,3,5,"60,0",0,3,0,0,0,2024-09-28
Keane Lewis-Potter,Brentford,23,ENG,LM,23-219,90,0,0,0,0,1,1,1,0,45,2,1,0,0.0,0.0,0.0,0,0,25,33,"75,8",3,20,1,3,2,2024-09-28
Vitaly Janelt,Brentford,27,GER,CM,26-141,90,0,0,0,0,0,0,0,0,56,1,1,2,0.0,0.0,0.0,1,0,35,39,"89,7",0,27,1,0,0,2024-09-28
Mikkel Damsgaard,Brentford,24,DEN,"CM,RM",24-087,90,0,0,0,0,0,0,0,0,77,8,1,0,0.0,0.0,0.0,2,0,42,59,"71,2",8,48,1,1,0,2024-09-28
Kevin Schade,Brentford,7,GER,RM,22-306,59,0,0,0,0,0,0,0,0,24,1,0,1,0.0,0.0,0.0,1,0,6,17,"35,3",1,19,4,3,0,2024-09-28
Yehor Yarmoliuk,Brentford,18,UKR,CM,20-211,31,0,0,0,0,1,1,1,0,35,0,1,0,0.0,0.0,0.0,1,0,27,30,"90,0",1,21,1,1,0,2024-09-28
Kristoffer Ajer,Brentford,20,NOR,LB,26-164,90,0,0,0,0,0,0,0,0,65,1,2,4,0.0,0.0,0.0,1,1,38,53,"71,7",3,36,4,2,1,2024-09-28
Ethan Pinnock,Brentford,5,JAM,CB,31-122,90,0,0,0,0,0,0,0,0,87,2,1,0,0.0,0.0,0.0,3,0,70,79,"88,6",5,47,0,0,0,2024-09-28
Nathan Collins,Brentford,22,IRL,CB,23-151,90,0,0,0,0,0,0,0,0,80,1,1,1,0.0,0.0,0.0,1,0,67,76,"88,2",5,52,0,0,0,2024-09-28
Sepp van den Berg,Brentford,4,NED,RB,22-283,90,0,0,0,0,1,0,0,0,66,2,0,2,0.0,0.0,0.0,1,0,44,57,"77,2",3,30,0,0,0,2024-09-28
Mark Flekken,Brentford,1,NED,GK,31-107,90,0,0,0,0,0,0,0,0,53,0,0,0,0.0,0.0,0.0,0,0,38,51,"74,5",0,40,0,0,0,2024-09-28
Michail Antonio,West Ham United,9,JAM,FW,34-184,74,0,1,0,0,3,0,0,0,28,0,0,0,0.3,0.3,0.2,3,1,15,20,"75,0",5,21,1,1,0,2024-09-28
Danny Ings,West Ham United,18,ENG,FW,32-067,16,0,0,0,0,0,0,0,0,7,0,0,0,0.0,0.0,0.0,0,0,2,7,"28,6",0,3,0,0,0,2024-09-28
Mohammed Kudus,West Ham United,14,GHA,LM,24-057,45,0,0,0,0,3,1,0,0,27,0,0,1,0.1,0.1,0.0,1,0,15,19,"78,9",3,21,3,2,1,2024-09-28
Carlos Soler,West Ham United,4,ESP,"LM,CM",27-270,45,0,0,0,0,1,1,0,0,21,1,0,1,0.1,0.1,0.0,4,0,14,15,"93,3",4,13,0,2,1,2024-09-28
Lucas Paquetá,West Ham United,10,BRA,CM,27-032,75,0,0,0,0,1,0,0,0,55,1,1,1,0.0,0.0,0.0,3,0,34,44,"77,3",7,27,2,1,1,2024-09-28
Crysencio Summerville,West Ham United,7,NED,LM,22-334,15,0,0,0,0,1,0,0,0,14,1,0,1,0.0,0.0,0.0,0,0,2,6,"33,3",0,5,0,0,0,2024-09-28
Tomáš Souček,West Ham United,28,CZE,CM,29-214,90,1,0,0,0,1,1,0,0,44,3,2,2,0.2,0.2,0.2,4,0,22,30,"73,3",3,12,1,0,0,2024-09-28
Jarrod Bowen,West Ham United,20,ENG,RM,27-283,89,0,0,0,0,3,0,0,0,47,1,0,1,0.1,0.1,0.2,6,0,18,30,"60,0",5,23,5,6,4,2024-09-28
Andy Irving,West Ham United,39,SCO,RM,24-138,1,0,0,0,0,0,0,1,0,1,0,0,0,0.0,0.0,0.0,0,0,1,1,"100,0",0,1,0,0,0,2024-09-28
Guido Rodríguez,West Ham United,24,ARG,DM,30-169,90,0,0,0,0,1,0,0,0,57,4,0,0,0.0,0.0,0.0,1,0,38,43,"88,4",2,21,0,0,0,2024-09-28
Emerson Palmieri,West Ham United,33,ITA,LB,30-056,45,0,0,0,0,1,0,1,0,35,0,1,2,0.0,0.0,0.0,3,0,25,31,"80,6",0,14,0,0,0,2024-09-28
Konstantinos Mavropanos,West Ham United,15,GRE,RB,26-292,45,0,0,0,0,1,0,0,0,38,0,4,0,0.0,0.0,0.0,1,0,15,26,"57,7",1,12,2,3,2,2024-09-28
Max Kilman,West Ham United,26,ENG,CB,27-128,90,0,0,0,0,0,0,1,0,47,1,2,1,0.0,0.0,0.0,1,0,34,39,"87,2",6,21,0,0,0,2024-09-28
Jean-Clair Todibo,West Ham United,25,FRA,CB,24-273,90,0,0,0,0,2,0,0,0,63,3,0,3,0.1,0.1,0.0,0,0,41,49,"83,7",1,34,0,0,0,2024-09-28
Aaron Wan-Bissaka,West Ham United,29,ENG,"LB,RB",26-307,90,0,0,0,0,1,0,0,0,55,2,0,0,0.0,0.0,0.1,5,0,36,42,"85,7",2,25,4,3,1,2024-09-28
Alphonse Areola,West Ham United,23,FRA,GK,31-214,90,0,0,0,0,0,0,0,0,39,0,0,0,0.0,0.0,0.0,0,0,26,37,"70,3",0,28,0,0,0,2024-09-28
Dominic Calvert-Lewin,Everton,9,ENG,FW,27-196,90,0,0,0,0,2,0,1,0,29,0,1,1,0.3,0.3,0.0,0,0,5,14,"35,7",2,16,0,2,0,2024-09-28
Iliman Ndiaye,Everton,10,SEN,LW,24-206,90,0,0,0,0,0,0,0,0,46,0,3,1,0.0,0.0,0.0,4,0,31,35,"88,6",3,27,4,4,3,2024-09-28
Jesper Lindstrøm,Everton,29,DEN,RW,24-212,45,0,0,0,0,0,0,0,0,22,2,0,3,0.0,0.0,0.5,2,0,9,15,"60,0",1,7,0,2,0,2024-09-28
Jack Harrison,Everton,11,ENG,RW,27-313,45,0,0,0,0,0,0,0,0,18,0,0,0,0.0,0.0,0.0,0,0,7,12,"58,3",0,14,0,1,0,2024-09-28
Dwight McNeil,Everton,7,ENG,AM,24-311,82,2,0,0,0,3,2,0,0,45,1,0,0,0.3,0.3,0.1,1,0,22,32,"68,8",4,25,1,3,1,2024-09-28
Idrissa Gana Gueye,Everton,27,SEN,"DM,AM",35-002,8,0,0,0,0,1,0,0,0,5,0,0,0,0.0,0.0,0.0,0,0,3,3,"100,0",2,2,0,0,0,2024-09-28
Orel Mangala,Everton,8,BEL,DM,26-194,82,0,0,0,0,0,0,0,0,44,4,5,0,0.0,0.0,0.0,1,1,29,34,"85,3",5,23,0,2,2,2024-09-28
James Garner,Everton,37,ENG,AM,23-199,8,0,0,0,0,0,0,0,0,2,0,0,0,0.0,0.0,0.0,0,0,0,2,"0,0",0,0,0,0,0,2024-09-28
Abdoulaye Doucouré,Everton,16,MLI,DM,31-271,90,0,0,0,0,0,0,0,0,43,2,0,1,0.0,0.0,0.0,2,1,28,38,"73,7",4,19,1,0,0,2024-09-28
Vitaliy Mykolenko,Everton,19,UKR,LB,25-122,90,0,0,0,0,1,0,0,0,40,1,0,0,0.0,0.0,0.1,1,0,25,34,"73,5",5,16,1,0,0,2024-09-28
Jarrad Branthwaite,Everton,32,ENG,CB,22-093,90,0,0,0,0,0,0,0,0,43,2,3,1,0.0,0.0,0.0,0,0,27,32,"84,4",1,24,0,1,1,2024-09-28
James Tarkowski,Everton,6,ENG,CB,31-314,90,0,0,0,0,1,0,0,0,54,2,2,3,0.3,0.3,0.0,0,0,28,36,"77,8",2,17,0,0,0,2024-09-28
Ashley Young,Everton,18,ENG,RB,39-081,90,0,1,0,0,0,0,0,0,74,0,2,1,0.0,0.0,0.0,4,2,44,69,"63,8",8,30,0,2,1,2024-09-28
Jordan Pickford,Everton,1,ENG,GK,30-205,90,0,0,0,0,0,0,1,0,44,0,0,0,0.0,0.0,0.0,0,0,29,43,"67,4",0,28,0,0,0,2024-09-28
Jean-Philippe Mateta,Crystal Palace,14,FRA,FW,27-092,90,0,0,0,0,1,0,0,0,23,0,0,1,0.0,0.0,0.0,1,0,9,18,"50,0",1,11,1,0,0,2024-09-28
Eberechi Eze,Crystal Palace,10,ENG,LW,26-091,90,0,0,0,0,5,1,0,0,57,2,1,0,0.2,0.2,0.1,7,0,31,40,"77,5",4,33,2,2,0,2024-09-28
Eddie Nketiah,Crystal Palace,9,ENG,"RW,AM",25-121,72,0,0,0,0,2,0,0,0,27,0,0,0,0.1,0.1,0.0,0,0,15,22,"68,2",1,22,1,1,1,2024-09-28
Jeffrey Schlupp,Crystal Palace,15,GHA,AM,31-280,18,0,0,0,0,1,0,0,0,8,0,0,0,0.0,0.0,0.0,0,0,5,6,"83,3",0,5,0,0,0,2024-09-28
Tyrick Mitchell,Crystal Palace,3,ENG,"LM,LB",25-027,90,0,0,0,0,0,0,0,0,66,9,0,2,0.0,0.0,0.0,1,0,35,53,"66,0",1,30,4,0,0,2024-09-28
Daichi Kamada,Crystal Palace,18,JPN,CM,28-054,61,0,0,0,0,0,0,0,0,47,4,1,1,0.0,0.0,0.0,2,0,36,41,"87,8",6,25,1,0,0,2024-09-28
Ismaila Sarr,Crystal Palace,7,SEN,RW,26-216,29,0,0,0,0,0,0,0,0,9,0,0,0,0.0,0.0,0.0,0,0,5,8,"62,5",0,9,0,0,0,2024-09-28
Adam Wharton,Crystal Palace,20,ENG,"CM,DM",20-118,88,0,0,0,0,2,1,0,0,82,2,1,1,0.0,0.0,0.2,8,1,63,74,"85,1",14,44,2,1,1,2024-09-28
Will Hughes,Crystal Palace,19,ENG,DM,29-164,2,0,0,0,0,0,0,0,0,6,0,0,0,0.0,0.0,0.0,0,0,1,5,"20,0",0,2,1,0,0,2024-09-28
Daniel Muñoz,Crystal Palace,12,COL,"RM,RB",28-125,90,0,0,0,0,2,1,0,0,70,1,0,0,0.2,0.2,0.0,2,0,49,61,"80,3",5,33,3,1,1,2024-09-28
Jefferson Lerma,Crystal Palace,8,COL,"CB,DM",29-339,90,0,0,0,0,1,0,0,0,85,2,1,0,0.0,0.0,0.2,2,0,61,77,"79,2",8,52,0,0,0,2024-09-28
Marc Guéhi,Crystal Palace,6,ENG,CB,24-077,90,1,0,0,0,1,1,0,0,99,2,1,3,0.2,0.2,0.0,4,0,78,85,"91,8",9,53,1,1,1,2024-09-28
Maxence Lacroix,Crystal Palace,5,FRA,CB,24-175,90,0,1,0,0,1,0,0,0,84,3,3,1,0.2,0.2,0.2,2,1,53,71,"74,6",2,50,1,1,1,2024-09-28
Dean Henderson,Crystal Palace,1,ENG,GK,27-200,90,0,0,0,0,1,0,0,0,21,0,0,0,0.0,0.0,0.0,0,0,17,20,"85,0",0,14,0,0,0,2024-09-28
Chris Wood,Nottingham Forest,11,NZL,FW,32-296,90,0,0,0,0,0,0,0,0,14,0,0,0,0.0,0.0,0.0,1,0,8,9,"88,9",1,8,0,0,0,2024-09-28
Taiwo Awoniyi,Nottingham Forest,9,NGA,FW,27-047,45,0,0,0,0,1,0,0,0,17,0,0,0,0.2,0.2,0.0,2,0,6,11,"54,5",0,7,1,0,0,2024-09-28
Anthony Elanga,Nottingham Forest,21,SWE,"RW,FW",22-154,45,0,0,0,0,1,0,0,0,13,0,0,0,0.1,0.1,0.0,0,0,8,11,"72,7",0,13,2,0,0,2024-09-28
Nicolás Domínguez,Nottingham Forest,16,ARG,LM,26-092,56,0,0,0,0,1,0,0,0,30,1,1,1,0.0,0.0,0.0,0,0,18,26,"69,2",2,12,0,0,0,2024-09-28
Callum Hudson-Odoi,Nottingham Forest,14,ENG,LW,23-326,34,0,0,0,0,1,0,0,0,19,0,1,0,0.1,0.1,0.1,3,0,8,15,"53,3",2,10,5,1,1,2024-09-28
Ryan Yates,Nottingham Forest,22,ENG,"CM,DM",26-312,90,0,0,0,0,1,0,1,0,68,3,2,0,0.0,0.0,0.2,1,0,47,56,"83,9",0,35,3,0,0,2024-09-28
James Ward-Prowse,Nottingham Forest,18,ENG,"CM,DM",29-332,74,0,0,0,0,1,0,0,0,40,0,1,3,0.0,0.0,0.0,1,0,29,35,"82,9",4,25,0,0,0,2024-09-28
Ramón Sosa,Nottingham Forest,24,PAR,DM,25-028,16,0,0,0,0,0,0,0,0,12,1,0,0,0.0,0.0,0.0,1,0,7,11,"63,6",0,7,1,0,0,2024-09-28
Elliot Anderson,Nottingham Forest,8,ENG,RM,21-327,56,0,0,0,0,1,0,0,0,24,1,0,3,0.0,0.0,0.0,3,0,13,18,"72,2",2,16,3,0,0,2024-09-28
Jota Silva,Nottingham Forest,20,POR,AM,25-058,34,0,0,0,0,2,1,0,0,15,0,1,0,0.1,0.1,0.0,0,0,5,8,"62,5",0,9,0,0,0,2024-09-28
Álex Moreno,Nottingham Forest,19,ESP,LB,31-112,83,0,0,0,0,1,0,0,0,39,0,1,2,0.0,0.0,0.0,1,0,16,29,"55,2",2,14,2,1,0,2024-09-28
Neco Williams,Nottingham Forest,7,WAL,LB,23-168,7,0,0,0,0,0,0,0,0,10,0,0,0,0.0,0.0,0.0,1,0,7,9,"77,8",0,7,2,0,0,2024-09-28
Murillo,Nottingham Forest,5,BRA,CB,22-086,90,0,0,0,0,0,0,1,0,56,0,1,1,0.0,0.0,0.1,2,0,35,45,"77,8",6,35,4,2,2,2024-09-28
Nikola Milenković,Nottingham Forest,31,SRB,CB,26-352,90,0,0,0,0,1,0,0,0,48,0,1,1,0.1,0.1,0.0,0,0,36,40,"90,0",2,32,0,0,0,2024-09-28
Ola Aina,Nottingham Forest,34,NGA,RB,27-356,90,0,0,0,0,0,0,0,0,66,2,0,2,0.0,0.0,0.1,2,0,38,54,"70,4",4,35,3,2,1,2024-09-28
Matz Sels,Nottingham Forest,26,BEL,GK,32-215,90,0,0,0,0,0,0,0,0,23,0,0,0,0.0,0.0,0.0,0,0,10,21,"47,6",1,10,0,0,0,2024-09-28
Raúl Jiménez,Fulham,7,MEX,FW,33-146,82,1,0,1,1,2,1,0,0,23,0,0,0,0.9,0.1,0.0,1,0,16,17,"94,1",0,14,0,0,0,2024-09-28
Rodrigo Muniz,Fulham,9,BRA,FW,23-147,8,0,0,0,0,0,0,0,0,6,0,0,0,0.0,0.0,0.0,0,0,3,4,"75,0",0,3,1,1,0,2024-09-28
Alex Iwobi,Fulham,17,NGA,"LW,RW,RM",28-148,90,0,0,0,0,1,0,0,0,68,0,0,1,0.0,0.0,0.1,7,1,46,60,"76,7",9,47,2,1,1,2024-09-28
Adama Traoré,Fulham,11,ESP,RW,28-247,68,0,0,0,0,1,0,0,0,40,0,0,0,0.0,0.0,0.0,1,0,23,31,"74,2",3,31,6,8,4,2024-09-28
Reiss Nelson,Fulham,19,ENG,"LW,LM",24-293,22,0,0,0,0,1,0,0,0,15,0,0,1,0.0,0.0,0.0,0,0,8,11,"72,7",1,12,4,0,0,2024-09-28
Emile Smith Rowe,Fulham,32,ENG,AM,24-062,87,0,0,0,0,2,0,0,0,59,1,0,0,0.2,0.2,0.1,4,0,47,51,"92,2",9,46,4,1,0,2024-09-28
Issa Diop,Fulham,31,FRA,CB,27-263,3,0,0,0,0,0,0,0,0,4,0,0,0,0.0,0.0,0.0,0,0,0,0,,0,0,0,0,0,2024-09-28
Saša Lukić,Fulham,20,SRB,DM,28-046,82,0,0,0,0,0,0,1,0,51,0,2,0,0.0,0.0,0.0,2,0,40,46,"87,0",6,34,1,0,0,2024-09-28
Harrison Reed,Fulham,6,ENG,"CM,DM",29-245,8,0,0,0,0,0,0,1,0,9,1,1,1,0.0,0.0,0.0,0,0,1,4,"25,0",0,3,0,0,0,2024-09-28
Andreas Pereira,Fulham,18,BRA,DM,28-271,68,0,0,0,0,1,0,0,0,33,0,1,0,0.0,0.0,0.0,4,1,24,31,"77,4",2,22,1,1,1,2024-09-28
Sander Berge,Fulham,16,NOR,"DM,CM",26-227,22,0,0,0,0,0,0,0,0,18,1,0,1,0.0,0.0,0.0,0,0,11,15,"73,3",1,10,0,0,0,2024-09-28
Antonee Robinson,Fulham,33,USA,LB,27-051,90,0,0,0,0,2,0,0,0,64,2,2,0,0.0,0.0,0.0,0,0,45,54,"83,3",6,37,3,1,1,2024-09-28
Calvin Bassey,Fulham,3,NGA,CB,24-272,90,0,0,0,0,1,0,0,0,74,1,0,1,0.0,0.0,0.0,0,0,58,62,"93,5",3,50,0,0,0,2024-09-28
Joachim Andersen,Fulham,5,DEN,CB,28-120,90,0,0,0,0,1,0,0,0,103,1,1,2,0.1,0.1,0.0,1,0,76,86,"88,4",6,67,1,0,0,2024-09-28
Kenny Tete,Fulham,2,NED,RB,28-355,90,0,0,0,0,1,0,1,0,74,0,2,1,0.0,0.0,0.0,4,0,43,55,"78,2",1,44,6,3,2,2024-09-28
Bernd Leno,Fulham,1,GER,GK,32-208,90,0,0,0,0,0,0,1,0,36,0,0,0,0.0,0.0,0.0,0,0,32,36,"88,9",0,19,0,0,0,2024-09-28
Jørgen Strand Larsen,Wolverhampton Wanderers,9,NOR,FW,24-235,67,0,0,0,0,1,0,0,0,19,0,0,0,0.0,0.0,0.0,2,1,12,17,"70,6",2,8,0,0,0,2024-09-28
Hwang Hee-chan,Wolverhampton Wanderers,11,KOR,FW,28-246,23,0,0,0,0,0,0,0,0,4,0,0,0,0.0,0.0,0.0,0,0,4,4,"100,0",0,2,1,0,0,2024-09-28
Jean-Ricner Bellegarde,Wolverhampton Wanderers,27,FRA,LM,26-093,51,0,0,0,0,1,1,0,0,29,1,0,1,0.0,0.0,0.0,1,0,18,24,"75,0",1,19,5,1,0,2024-09-28
Carlos Forbs,Wolverhampton Wanderers,26,POR,RM,20-193,39,0,0,0,0,1,0,1,0,14,0,0,0,0.1,0.1,0.0,0,0,5,10,"50,0",1,9,2,2,1,2024-09-28
João Gomes,Wolverhampton Wanderers,8,BRA,CM,23-229,90,0,0,0,0,0,0,0,0,44,1,2,1,0.0,0.0,0.0,2,0,31,41,"75,6",5,20,4,0,0,2024-09-28
Mario Lemina,Wolverhampton Wanderers,5,GAB,"CM,CB",31-027,90,0,0,0,0,1,0,0,0,69,2,3,1,0.0,0.0,0.0,0,0,44,57,"77,2",2,35,1,2,2,2024-09-28
Matheus Cunha,Wolverhampton Wanderers,10,BRA,"RM,LM",25-124,90,0,0,0,0,2,1,0,0,43,2,0,1,0.0,0.0,0.1,2,0,17,28,"60,7",4,28,2,2,1,2024-09-28
André,Wolverhampton Wanderers,7,BRA,DM,23-074,90,0,0,0,0,0,0,1,0,44,1,1,1,0.0,0.0,0.0,2,0,32,34,"94,1",4,20,0,1,1,2024-09-28
Rayan Aït-Nouri,Wolverhampton Wanderers,3,ALG,LB,23-114,90,1,0,0,0,1,1,0,0,61,1,2,0,0.4,0.4,0.1,2,0,44,51,"86,3",7,27,4,1,0,2024-09-28
Toti Gomes,Wolverhampton Wanderers,24,POR,CB,25-256,90,0,0,0,0,0,0,0,0,60,1,0,1,0.0,0.0,0.0,0,0,51,54,"94,4",3,37,1,0,0,2024-09-28
Santiago Bueno,Wolverhampton Wanderers,4,URU,CB,25-324,76,0,0,0,0,0,0,0,0,60,3,1,1,0.0,0.0,0.0,1,0,46,48,"95,8",2,28,0,1,0,2024-09-28
Tommy Doyle,Wolverhampton Wanderers,20,ENG,CM,22-347,14,0,0,0,0,0,0,0,0,12,0,0,0,0.0,0.0,0.0,0,0,8,11,"72,7",2,5,0,0,0,2024-09-28
Nélson Semedo,Wolverhampton Wanderers,22,POR,RB,30-317,90,0,0,0,0,1,0,0,0,54,2,0,0,0.0,0.0,0.0,1,0,36,44,"81,8",2,23,1,2,2,2024-09-28
Sam Johnstone,Wolverhampton Wanderers,31,ENG,GK,31-187,90,0,0,0,0,0,0,0,0,48,0,0,0,0.0,0.0,0.0,0,0,34,42,"81,0",0,33,0,0,0,2024-09-28
Diogo Jota,Liverpool,20,POR,FW,27-299,90,0,1,0,0,0,0,1,0,30,0,0,0,0.0,0.0,0.1,2,2,18,26,"69,2",0,11,1,2,1,2024-09-28
Luis Díaz,Liverpool,7,COL,LW,27-259,72,0,0,0,0,1,0,0,0,37,0,1,0,0.1,0.1,0.0,2,1,24,28,"85,7",5,22,4,1,0,2024-09-28
Cody Gakpo,Liverpool,18,NED,LW,25-144,18,0,0,0,0,0,0,0,0,10,0,0,0,0.0,0.0,0.0,0,0,7,9,"77,8",0,8,0,1,1,2024-09-28
Mohamed Salah,Liverpool,11,EGY,RW,32-105,90,1,0,1,1,2,1,0,0,38,2,0,1,1.3,0.5,0.2,2,0,19,29,"65,5",2,16,2,3,2,2024-09-28
Dominik Szoboszlai,Liverpool,8,HUN,AM,23-339,72,0,0,0,0,1,1,0,0,35,0,0,0,0.8,0.8,0.0,1,0,26,31,"83,9",2,14,1,1,0,2024-09-28
Curtis Jones,Liverpool,17,ENG,AM,23-242,18,0,0,0,0,1,1,0,0,14,0,0,2,0.1,0.1,0.0,1,0,4,7,"57,1",1,7,0,0,0,2024-09-28
Alexis Mac Allister,Liverpool,10,ARG,DM,25-279,90,0,0,0,0,0,0,0,0,57,2,1,5,0.0,0.0,0.1,3,0,41,48,"85,4",4,23,3,1,0,2024-09-28
Ryan Gravenberch,Liverpool,38,NED,DM,22-135,90,0,0,0,0,0,0,0,0,70,3,0,0,0.0,0.0,0.0,2,1,57,62,"91,9",6,36,3,1,0,2024-09-28
Andrew Robertson,Liverpool,26,SCO,LB,30-201,88,0,0,0,0,0,0,0,0,85,0,1,0,0.0,0.0,0.8,1,0,66,80,"82,5",8,40,2,0,0,2024-09-28
Joe Gomez,Liverpool,2,ENG,LB,27-128,2,0,0,0,0,0,0,0,0,6,1,0,1,0.0,0.0,0.0,0,0,3,3,"100,0",0,2,0,0,0,2024-09-28
Virgil van Dijk,Liverpool,4,NED,CB,33-082,90,0,0,0,0,0,0,0,0,93,0,1,1,0.0,0.0,0.0,1,0,79,86,"91,9",6,48,0,0,0,2024-09-28
Ibrahima Konaté,Liverpool,5,FRA,CB,25-126,90,1,0,0,0,2,1,1,0,74,0,2,1,0.2,0.2,0.0,0,0,59,67,"88,1",2,39,0,0,0,2024-09-28
Trent Alexander-Arnold,Liverpool,66,ENG,RB,25-357,90,0,0,0,0,2,1,1,0,73,2,1,0,0.1,0.1,0.0,1,0,46,66,"69,7",6,28,4,2,0,2024-09-28
Alisson,Liverpool,1,BRA,GK,31-362,90,0,0,0,0,0,0,0,0,33,0,0,0,0.0,0.0,0.0,0,0,27,32,"84,4",0,23,0,0,0,2024-09-28
Liam Delap,Ipswich Town,19,ENG,FW,21-234,89,2,0,0,0,3,3,1,0,18,0,0,1,0.6,0.6,0.0,3,1,4,8,"50,0",0,18,4,1,1,2024-09-29
George Hirst,Ipswich Town,27,ENG,FW,25-227,1,0,0,0,0,0,0,0,0,2,1,0,0,0.0,0.0,0.0,0,0,0,0,,0,1,0,0,0,2024-09-29
Jack Clarke,Ipswich Town,47,ENG,LW,23-311,89,0,1,0,0,2,0,0,0,39,3,0,0,0.1,0.1,0.3,6,1,20,29,"69,0",3,23,1,4,3,2024-09-29
Sammie Szmodics,Ipswich Town,23,IRL,LW,29-005,1,0,0,0,0,0,0,0,0,3,0,0,0,0.0,0.0,0.0,0,0,3,3,"100,0",0,3,1,0,0,2024-09-29
Chiedozie Ogbene,Ipswich Town,21,IRL,RW,27-151,68,0,0,0,0,0,0,0,0,17,1,0,0,0.0,0.0,0.0,1,0,7,11,"63,6",0,11,1,3,1,2024-09-29
Wes Burns,Ipswich Town,7,WAL,RW,29-311,22,0,0,0,0,1,0,0,0,6,0,0,1,0.2,0.2,0.0,0,0,2,3,"66,7",0,3,1,0,0,2024-09-29
Omari Hutchinson,Ipswich Town,20,ENG,AM,20-335,90,0,1,0,0,1,0,0,0,42,0,0,1,0.0,0.0,0.3,5,1,26,32,"81,3",4,26,3,6,4,2024-09-29
Kalvin Phillips,Ipswich Town,8,ENG,DM,28-302,68,0,0,0,0,1,1,0,0,51,3,1,1,0.0,0.0,0.0,2,1,36,45,"80,0",7,30,0,0,0,2024-09-29
Jack Taylor,Ipswich Town,14,IRL,DM,26-098,22,0,0,0,0,1,1,0,0,18,0,0,0,0.0,0.0,0.0,1,0,15,17,"88,2",3,14,1,0,0,2024-09-29
Sam Morsy,Ipswich Town,5,EGY,DM,33-019,89,0,0,0,0,2,0,1,0,56,3,1,0,0.1,0.1,0.0,3,0,50,52,"96,2",3,35,0,1,1,2024-09-29
Massimo Luongo,Ipswich Town,25,AUS,DM,32-004,1,0,0,0,0,0,0,0,0,4,0,1,0,0.0,0.0,0.0,0,0,2,3,"66,7",0,2,0,0,0,2024-09-29
Leif Davis,Ipswich Town,3,ENG,LB,24-261,90,0,0,0,0,1,0,0,0,56,1,1,1,0.0,0.0,0.5,7,0,33,48,"68,8",4,29,2,1,0,2024-09-29
Jacob Greaves,Ipswich Town,24,ENG,CB,24-017,90,0,0,0,0,0,0,1,0,73,1,2,0,0.0,0.0,0.0,0,0,59,63,"93,7",4,43,1,0,0,2024-09-29
Dara O'Shea,Ipswich Town,26,IRL,CB,25-209,90,0,0,0,0,1,0,0,0,67,3,0,0,0.0,0.0,0.0,1,0,48,58,"82,8",0,39,1,0,0,2024-09-29
Axel Tuanzebe,Ipswich Town,40,COD,RB,26-320,90,0,0,0,0,2,0,1,0,47,2,1,0,0.1,0.1,0.0,1,0,35,42,"83,3",4,20,0,0,0,2024-09-29
Arijanet Muric,Ipswich Town,1,KVX,GK,25-327,90,0,0,0,0,0,0,0,0,28,0,0,0,0.0,0.0,0.0,0,0,21,27,"77,8",0,15,0,0,0,2024-09-29
Ollie Watkins,Aston Villa,11,ENG,FW,28-274,83,1,1,0,0,1,1,0,0,30,0,0,0,0.4,0.4,0.1,1,1,19,22,"86,4",2,26,0,2,0,2024-09-29
Emi Buendía,Aston Villa,10,ARG,AM,27-279,7,0,0,0,0,1,0,0,0,8,1,0,1,0.1,0.1,0.0,0,0,4,5,"80,0",1,5,2,0,0,2024-09-29
Jacob Ramsey,Aston Villa,41,ENG,"LW,LM",23-124,90,0,0,0,0,1,0,0,0,48,1,0,1,0.0,0.0,0.0,2,0,39,43,"90,7",3,36,3,2,2,2024-09-29
Leon Bailey,Aston Villa,31,JAM,RW,27-051,63,0,1,0,0,0,0,0,0,37,0,0,0,0.0,0.0,0.4,1,1,26,32,"81,3",3,27,2,1,0,2024-09-29
Jaden Philogene Bidace,Aston Villa,19,ENG,"RM,RW",22-234,27,0,0,0,0,0,0,0,0,10,1,0,0,0.0,0.0,0.0,0,0,6,6,"100,0",0,7,0,1,0,2024-09-29
Morgan Rogers,Aston Villa,27,ENG,AM,22-065,63,1,0,0,0,2,1,0,0,28,0,0,0,0.2,0.2,0.0,1,1,16,19,"84,2",1,22,1,4,1,2024-09-29
Jhon Durán,Aston Villa,9,COL,FW,20-291,27,0,0,0,0,0,0,0,0,9,1,0,0,0.0,0.0,0.0,2,0,4,4,"100,0",2,4,0,0,0,2024-09-29
Youri Tielemans,Aston Villa,8,BEL,"DM,CM",27-145,83,0,0,0,0,1,0,0,0,58,0,1,0,0.0,0.0,0.1,3,0,45,51,"88,2",7,49,1,1,1,2024-09-29
Ross Barkley,Aston Villa,6,ENG,DM,30-299,7,0,0,0,0,1,1,0,0,7,0,0,0,0.0,0.0,0.0,0,0,3,6,"50,0",0,8,1,0,0,2024-09-29
Amadou Onana,Aston Villa,24,BEL,"DM,CM",23-044,90,0,0,0,0,0,0,0,0,71,6,2,1,0.0,0.0,0.0,1,0,50,55,"90,9",2,43,0,1,0,2024-09-29
Lucas Digne,Aston Villa,12,FRA,LB,31-071,83,0,0,0,0,0,0,1,0,61,3,2,4,0.0,0.0,0.0,0,0,43,50,"86,0",2,39,0,0,0,2024-09-29
Ian Maatsen,Aston Villa,22,NED,LB,22-203,7,0,0,0,0,0,0,0,0,10,0,0,0,0.0,0.0,0.0,1,0,7,9,"77,8",1,7,0,0,0,2024-09-29
Pau Torres,Aston Villa,14,ESP,CB,27-257,90,0,0,0,0,0,0,0,0,79,1,0,1,0.0,0.0,0.0,1,0,68,77,"88,3",0,66,3,1,1,2024-09-29
Diego Carlos,Aston Villa,3,BRA,CB,31-198,90,0,0,0,0,0,0,0,0,71,1,0,1,0.0,0.0,0.0,0,0,60,67,"89,6",3,59,1,0,0,2024-09-29
Ezri Konsa,Aston Villa,4,ENG,RB,26-342,90,0,0,0,0,0,0,0,0,84,0,0,1,0.0,0.0,0.0,1,1,72,77,"93,5",6,59,4,0,0,2024-09-29
Emiliano Martínez,Aston Villa,23,ARG,GK,32-027,90,0,0,0,0,0,0,0,0,41,0,0,0,0.0,0.0,0.0,0,0,31,38,"81,6",0,21,0,0,0,2024-09-29
Joshua Zirkzee,Manchester United,11,NED,FW,23-130,45,0,0,0,0,1,1,0,0,18,1,0,1,0.2,0.2,0.0,0,0,8,11,"72,7",1,10,0,0,0,2024-09-29
Casemiro,Manchester United,18,BRA,DM,32-219,45,0,0,0,0,2,0,0,0,41,3,0,1,0.2,0.2,0.2,6,0,25,33,"75,8",1,23,0,1,0,2024-09-29
Marcus Rashford,Manchester United,10,ENG,"LW,FW",26-334,72,0,0,0,0,0,0,0,0,28,2,1,0,0.0,0.0,0.1,2,0,16,23,"69,6",1,18,1,1,1,2024-09-29
Rasmus Højlund,Manchester United,9,DEN,FW,21-238,18,0,0,0,0,0,0,0,0,1,0,0,0,0.0,0.0,0.0,0,0,1,1,"100,0",0,1,0,0,0,2024-09-29
Alejandro Garnacho,Manchester United,17,ARG,"LW,RW",20-090,90,0,0,0,0,3,0,0,0,46,1,1,0,0.1,0.1,0.1,3,0,23,33,"69,7",4,36,3,6,1,2024-09-29
Bruno Fernandes,Manchester United,8,POR,AM,30-021,41,0,0,0,0,0,0,0,1,28,0,2,2,0.0,0.0,0.0,0,0,18,24,"75,0",6,18,0,0,0,2024-09-29
Manuel Ugarte Ribeiro,Manchester United,25,URU,DM,23-171,72,0,0,0,0,0,0,1,0,34,4,0,0,0.0,0.0,0.0,0,0,23,25,"92,0",3,15,0,0,0,2024-09-29
Christian Eriksen,Manchester United,14,DEN,DM,32-228,18,0,0,0,0,0,0,0,0,27,1,0,0,0.0,0.0,0.0,1,0,17,22,"77,3",1,11,0,0,0,2024-09-29
Kobbie Mainoo,Manchester United,37,ENG,DM,19-163,44,0,0,0,0,0,0,0,0,25,2,0,3,0.0,0.0,0.2,1,0,13,17,"76,5",0,11,1,0,0,2024-09-29
Mason Mount,Manchester United,7,ENG,RW,25-263,40,0,0,0,0,0,0,1,0,16,2,0,2,0.0,0.0,0.0,2,0,6,11,"54,5",1,5,1,0,0,2024-09-29
Amad Diallo,Manchester United,16,CIV,RW,22-080,6,0,0,0,0,0,0,0,0,15,2,0,0,0.0,0.0,0.0,0,0,10,12,"83,3",1,9,0,0,0,2024-09-29
Diogo Dalot,Manchester United,20,POR,LB,25-195,90,0,0,0,0,0,0,1,0,59,3,4,0,0.0,0.0,0.0,2,0,37,50,"74,0",3,31,0,0,0,2024-09-29
Lisandro Martínez,Manchester United,6,ARG,CB,26-255,90,0,0,0,0,4,1,1,0,64,0,7,1,0.2,0.2,0.1,2,0,41,47,"87,2",2,35,1,1,0,2024-09-29
Matthijs de Ligt,Manchester United,4,NED,CB,25-048,90,0,0,0,0,1,0,0,0,48,1,1,4,0.2,0.2,0.0,0,0,29,37,"78,4",1,25,0,0,0,2024-09-29
Noussair Mazraoui,Manchester United,3,MAR,RB,26-320,90,0,0,0,0,0,0,1,0,63,5,1,0,0.0,0.0,0.0,1,0,44,54,"81,5",7,30,0,0,0,2024-09-29
André Onana,Manchester United,24,CMR,GK,28-180,90,0,0,0,0,0,0,0,0,41,0,0,0,0.0,0.0,0.0,0,0,25,36,"69,4",0,30,0,0,0,2024-09-29
Dominic Solanke,Tottenham Hotspur,19,ENG,FW,27-015,90,1,0,0,0,4,3,0,0,31,0,0,1,1.3,1.3,0.2,5,1,15,18,"83,3",3,13,1,2,2,2024-09-29
Timo Werner,Tottenham Hotspur,16,GER,LW,28-207,76,0,0,0,0,2,2,0,0,46,0,0,4,0.6,0.6,0.1,2,0,24,35,"68,6",3,35,8,5,2,2024-09-29
Lucas Bergvall,Tottenham Hotspur,15,SWE,LW,18-240,14,0,0,0,0,1,0,0,0,17,1,0,0,0.0,0.0,0.0,1,0,10,13,"76,9",1,10,1,2,1,2024-09-29
Brennan Johnson,Tottenham Hotspur,22,WAL,RW,23-129,75,1,0,0,0,3,1,1,0,40,1,1,3,1.0,1.0,0.1,4,0,23,29,"79,3",7,19,3,0,0,2024-09-29
Mikey Moore,Tottenham Hotspur,47,ENG,RW,17-049,15,0,0,0,0,1,0,0,0,4,0,0,0,0.0,0.0,0.0,0,0,1,1,"100,0",0,3,0,1,0,2024-09-29
James Maddison,Tottenham Hotspur,10,ENG,LM,27-311,76,0,0,0,0,3,2,0,0,60,0,1,0,0.5,0.5,0.0,3,0,48,56,"85,7",5,54,3,0,0,2024-09-29
Pape Matar Sarr,Tottenham Hotspur,29,SEN,LM,22-015,14,0,1,0,0,2,0,0,0,15,0,0,0,0.5,0.5,0.9,1,1,7,13,"53,8",0,10,0,0,0,2024-09-29
Rodrigo Bentancur,Tottenham Hotspur,30,URU,CM,27-096,90,0,0,0,0,0,0,0,0,87,1,2,1,0.0,0.0,0.1,3,0,79,82,"96,3",7,60,0,0,0,2024-09-29
Dejan Kulusevski,Tottenham Hotspur,21,SWE,RM,24-157,90,1,0,0,0,2,1,0,0,58,0,1,3,0.4,0.4,1.3,11,0,35,40,"87,5",11,31,4,3,0,2024-09-29
Destiny Udogie,Tottenham Hotspur,13,ITA,LB,21-306,45,0,0,0,0,2,0,0,0,28,1,2,0,0.1,0.1,0.0,3,1,21,24,"87,5",3,21,3,0,0,2024-09-29
Djed Spence,Tottenham Hotspur,24,ENG,LB,24-051,45,0,0,0,0,0,0,1,0,25,1,2,0,0.0,0.0,0.0,0,0,17,20,"85,0",2,17,3,3,0,2024-09-29
Micky van de Ven,Tottenham Hotspur,37,NED,CB,23-163,80,0,1,0,0,2,0,0,0,96,0,0,1,0.1,0.1,0.9,3,1,88,91,"96,7",9,82,1,1,0,2024-09-29
Radu Drăgușin,Tottenham Hotspur,6,ROU,CB,22-239,10,0,0,0,0,0,0,0,0,10,0,0,0,0.0,0.0,0.0,0,0,7,9,"77,8",0,5,0,0,0,2024-09-29
Cristian Romero,Tottenham Hotspur,17,ARG,CB,26-155,90,0,0,0,0,1,0,0,0,130,1,2,4,0.1,0.1,0.0,1,1,107,120,"89,2",1,98,0,1,0,2024-09-29
Pedro Porro,Tottenham Hotspur,23,ESP,RB,25-016,90,0,0,0,0,1,1,1,0,83,1,0,2,0.1,0.1,0.4,2,0,60,73,"82,2",2,46,4,1,1,2024-09-29
Guglielmo Vicario,Tottenham Hotspur,1,ITA,GK,27-358,90,0,0,0,0,0,0,0,0,51,0,0,0,0.0,0.0,0.0,2,0,49,51,"96,1",0,42,0,0,0,2024-09-29
Evanilson,Bournemouth,9,BRA,FW,24-360,75,1,0,0,0,2,2,0,0,20,0,0,1,0.4,0.4,0.0,2,0,11,14,"78,6",1,12,0,0,0,2024-09-30
Enes Ünal,Bournemouth,26,TUR,FW,27-143,15,0,0,0,0,0,0,0,0,5,0,0,0,0.0,0.0,0.1,1,0,3,4,"75,0",1,4,1,0,0,2024-09-30
Dango Ouattara,Bournemouth,11,BFA,LW,22-232,60,1,0,0,0,1,1,0,0,23,2,0,0,0.4,0.4,0.0,1,0,8,17,"47,1",2,14,3,2,1,2024-09-30
Justin Kluivert,Bournemouth,19,NED,FW,25-148,30,0,0,0,0,1,0,0,0,13,0,0,0,0.1,0.1,0.0,3,0,5,9,"55,6",1,6,1,1,0,2024-09-30
Antoine Semenyo,Bournemouth,24,GHA,"RW,RM",24-267,88,1,0,0,0,4,1,0,0,40,2,1,2,0.2,0.2,0.2,4,2,18,21,"85,7",3,27,3,3,1,2024-09-30
Luis Sinisterra,Bournemouth,17,COL,RM,25-105,2,0,0,0,0,1,1,0,0,3,1,0,0,0.1,0.1,0.0,0,0,0,0,,0,2,0,0,0,2024-09-30
Marcus Tavernier,Bournemouth,16,ENG,"AM,LM",25-192,75,0,1,0,0,1,1,1,0,32,0,0,0,0.0,0.0,0.4,3,1,18,27,"66,7",4,17,2,1,0,2024-09-30
Alex Scott,Bournemouth,8,ENG,LM,21-040,15,0,0,0,0,0,0,0,0,9,0,1,0,0.0,0.0,0.0,1,0,7,9,"77,8",1,5,2,0,0,2024-09-30
Ryan Christie,Bournemouth,10,SCO,"DM,CM",29-221,90,0,0,0,0,2,0,0,0,55,3,2,5,0.0,0.0,0.0,2,0,31,37,"83,8",3,17,0,3,2,2024-09-30
Lewis Cook,Bournemouth,4,ENG,"DM,CM",27-240,90,0,2,0,0,1,0,0,0,57,4,2,4,0.1,0.1,0.6,5,2,31,43,"72,1",4,30,1,0,0,2024-09-30
Milos Kerkez,Bournemouth,3,HUN,LB,20-328,90,0,0,0,0,1,0,1,0,52,0,1,1,0.0,0.0,0.0,0,0,30,44,"68,2",4,35,2,2,1,2024-09-30
Marcos Senesi,Bournemouth,5,ARG,CB,27-143,90,0,0,0,0,0,0,0,0,78,5,3,2,0.0,0.0,0.0,0,0,47,61,"77,0",6,51,1,3,2,2024-09-30
Illia Zabarnyi,Bournemouth,27,UKR,CB,22-029,90,0,0,0,0,0,0,0,0,67,3,0,0,0.0,0.0,0.0,1,0,53,61,"86,9",4,45,0,0,0,2024-09-30
Adam Smith,Bournemouth,15,ENG,RB,33-154,90,0,0,0,0,0,0,0,0,54,0,1,0,0.0,0.0,0.0,1,0,39,49,"79,6",2,29,0,2,1,2024-09-30
Kepa Arrizabalaga,Bournemouth,13,ESP,GK,29-363,90,0,0,0,0,0,0,0,0,26,0,0,0,0.0,0.0,0.0,1,0,20,24,"83,3",0,12,0,0,0,2024-09-30
Tyler Dibling,Southampton,33,ENG,"FW,RW",18-202,75,0,0,0,0,1,0,1,0,36,2,0,0,0.0,0.0,0.1,3,0,14,21,"66,7",3,22,1,3,1,2024-09-30
Cameron Archer,Southampton,19,ENG,RW,23-071,15,0,0,0,0,0,0,0,0,8,0,0,0,0.0,0.0,0.0,0,0,6,6,"100,0",0,5,0,1,1,2024-09-30
Ryan Fraser,Southampton,24,SCO,LW,30-219,45,0,0,0,0,1,1,0,0,9,1,0,0,0.0,0.0,0.0,1,0,6,7,"85,7",1,6,0,0,0,2024-09-30
Joe Aribo,Southampton,7,NGA,"LM,LW",28-071,45,0,0,0,0,1,0,0,0,44,1,0,0,0.0,0.0,0.0,0,0,31,33,"93,9",6,25,1,5,1,2024-09-30
Maxwel Cornet,Southampton,22,CIV,RW,28-003,45,0,0,0,0,1,0,0,0,20,3,0,0,0.2,0.2,0.0,0,0,9,12,"75,0",0,8,0,0,0,2024-09-30
Ben Brereton,Southampton,17,CHI,"LW,RW",25-165,45,0,0,0,0,1,0,0,0,24,0,0,0,0.0,0.0,0.0,1,0,13,20,"65,0",2,18,2,0,0,2024-09-30
Mateus Fernandes,Southampton,18,POR,AM,20-082,69,0,0,0,0,0,0,1,0,43,4,0,0,0.0,0.0,0.0,1,0,25,31,"80,6",2,23,2,2,1,2024-09-30
Adam Lallana,Southampton,10,ENG,RM,36-143,21,0,0,0,0,1,0,1,0,29,0,1,0,0.1,0.1,0.0,1,0,21,23,"91,3",3,19,0,1,1,2024-09-30
Lesley Ugochukwu,Southampton,26,FRA,DM,20-188,45,0,0,0,0,0,0,0,0,18,1,0,0,0.0,0.0,0.2,1,0,11,16,"68,8",0,10,2,0,0,2024-09-30
Ross Stewart,Southampton,11,SCO,"FW,DM",28-081,45,0,0,0,0,1,0,0,0,35,0,0,1,0.1,0.1,0.0,0,0,23,26,"88,5",1,23,1,2,1,2024-09-30
Flynn Downes,Southampton,4,ENG,"DM,CM",25-254,90,0,0,0,0,0,0,1,0,80,1,2,2,0.0,0.0,0.0,2,0,69,73,"94,5",4,44,2,0,0,2024-09-30
Charlie Taylor,Southampton,21,ENG,LB,31-012,90,0,0,0,0,0,0,0,0,78,2,2,3,0.0,0.0,0.1,2,1,58,62,"93,5",2,31,0,1,1,2024-09-30
Jan Bednarek,Southampton,35,POL,CB,28-171,90,0,0,0,0,0,0,0,0,102,3,1,2,0.0,0.0,0.0,0,0,83,91,"91,2",5,58,0,0,0,2024-09-30
Taylor Harwood-Bellis,Southampton,6,ENG,CB,22-244,90,1,0,0,0,2,2,0,0,89,0,2,4,0.2,0.2,0.0,2,1,65,79,"82,3",2,45,0,0,0,2024-09-30
Yukinari Sugawara,Southampton,16,JPN,RB,24-094,90,0,0,0,0,0,0,1,0,71,2,0,0,0.0,0.0,0.1,2,0,55,65,"84,6",3,37,1,1,0,2024-09-30
Aaron Ramsdale,Southampton,30,ENG,GK,26-139,90,0,0,0,0,0,0,0,0,57,0,0,0,0.0,0.0,0.0,0,0,41,55,"74,5",0,44,0,0,0,2024-09-30
